lad_code,lad_name,total_hh,share_detached,share_semi,share_terraced,share_flats,share_flat_purpose,share_flat_converted,share_owned,share_rented_private,share_rented_social,share_65plus,epc_share_A,epc_share_B,epc_share_C,epc_share_D,epc_share_E,epc_share_F,epc_share_G,share_epc_d_or_worse,epc_certificates,epc_source
E06000018,Nottingham,249490,0.078,0.1664,0.1369,0.1119,0.0922,0.0151,0.4514,0.2861,0.2549,,0.0077,0.0966,0.4121,0.3644,0.106,0.0113,0.002,0.4837,108227,real
E07000170,Ashfield,109016,0.1515,0.2104,0.0972,0.039,0.0318,0.0038,0.6742,0.1706,0.1491,,0.01,0.0516,0.3887,0.4109,0.0988,0.03,0.01,0.5497,2,synthesized_fallback_low_coverage
E07000171,Bassetlaw,102916,0.1757,0.207,0.0788,0.034,0.0274,0.004,0.6824,0.1623,0.1496,,0.01,0.0514,0.3891,0.4106,0.099,0.03,0.01,0.5496,0,synthesized
E07000172,Broxtowe,96726,0.1811,0.1798,0.0808,0.0547,0.0468,0.0045,0.7124,0.1728,0.1104,,0.0045,0.095,0.3152,0.4403,0.1252,0.0169,0.003,0.5854,31717,real
E07000173,Gedling,103104,0.1951,0.1721,0.0744,0.0546,0.0475,0.0041,0.7384,0.1589,0.0969,,0.0101,0.1266,0.3278,0.3874,0.127,0.019,0.0021,0.5355,34656,real
E07000174,Mansfield,96062,0.1519,0.2163,0.0836,0.0452,0.0374,0.0049,0.6403,0.1887,0.1637,,0.01,0.0518,0.3876,0.4119,0.0986,0.03,0.01,0.5505,0,synthesized
E07000175,Newark and Sherwood,106662,0.1906,0.1859,0.0787,0.0379,0.0315,0.0039,0.6899,0.1617,0.139,,0.01,0.0515,0.3893,0.4103,0.0989,0.03,0.01,0.5492,0,synthesized
E07000176,Rushcliffe,99768,0.2343,0.1543,0.0561,0.0496,0.0382,0.0088,0.757,0.1466,0.0857,,0.0154,0.2304,0.2957,0.332,0.1045,0.0183,0.0037,0.4585,36252,real
E09000001,City of London,9828,0.0007,0.0015,0.0079,0.4622,0.4348,0.0067,0.3651,0.4829,0.1486,,0.0006,0.2618,0.4103,0.2365,0.0836,0.0042,0.003,0.3273,4943,real
E09000002,Barking and Dagenham,147798,0.0254,0.1107,0.2081,0.1542,0.1384,0.0107,0.4238,0.2421,0.3149,,0.0058,0.2074,0.3067,0.3936,0.0784,0.0065,0.0016,0.4801,58284,real
E09000003,Barnet,297834,0.0505,0.1374,0.0744,0.2336,0.1828,0.0441,0.5265,0.3271,0.1345,,0.0043,0.1852,0.3516,0.3506,0.0957,0.0108,0.0019,0.459,113316,real
E09000004,Bexley,190596,0.037,0.2212,0.1182,0.1216,0.1066,0.0089,0.6864,0.153,0.1467,,0.0045,0.0992,0.3282,0.4268,0.1235,0.0146,0.0032,0.5681,62409,real
E09000005,Brent,237224,0.0301,0.1116,0.0746,0.2802,0.1901,0.0824,0.3844,0.3602,0.235,,0.0008,0.2251,0.3486,0.3404,0.0763,0.0067,0.0022,0.4256,90175,real
E09000006,Bromley,271654,0.0904,0.1493,0.103,0.1531,0.1174,0.0292,0.6849,0.1742,0.132,,0.0026,0.0837,0.3528,0.4116,0.1301,0.016,0.0033,0.561,87558,real
E09000007,Camden,185518,0.0085,0.0178,0.0404,0.424,0.2812,0.1309,0.2965,0.3559,0.3369,,0.0009,0.1334,0.4518,0.327,0.0775,0.0073,0.002,0.4138,70920,real
E09000008,Croydon,305892,0.0612,0.1237,0.1163,0.1945,0.1448,0.0424,0.547,0.2579,0.179,,0.003,0.1448,0.3368,0.3895,0.1117,0.0115,0.0028,0.5155,109918,real
E09000009,Ealing,267318,0.0254,0.1093,0.1169,0.2429,0.1725,0.0635,0.4625,0.3403,0.1749,,0.0019,0.1881,0.3523,0.3647,0.0825,0.008,0.0024,0.4576,101595,real
E09000010,Enfield,241846,0.0375,0.124,0.1444,0.1905,0.1521,0.0325,0.5239,0.2926,0.1701,,0.002,0.0833,0.3558,0.4327,0.1116,0.0117,0.0029,0.5589,85072,real
E09000011,Greenwich,228108,0.0204,0.0881,0.1334,0.2504,0.2155,0.0301,0.4115,0.255,0.3097,,0.0031,0.2627,0.3563,0.3019,0.0674,0.0067,0.0018,0.3778,85346,real
E09000012,Hackney,212158,0.0068,0.018,0.0694,0.3878,0.302,0.0776,0.2457,0.3219,0.4048,,0.0017,0.198,0.4719,0.2655,0.0531,0.0063,0.0034,0.3283,78910,real
E09000013,Hammersmith and Fulham,162486,0.0057,0.0233,0.094,0.3705,0.2405,0.1227,0.3211,0.3638,0.2982,,0.0005,0.1701,0.426,0.3287,0.067,0.0056,0.0021,0.4034,66730,real
E09000014,Haringey,210184,0.0193,0.0471,0.128,0.2991,0.1769,0.1142,0.3722,0.3557,0.2519,,0.0012,0.1297,0.3834,0.3876,0.0875,0.0084,0.0023,0.4858,75025,real
E09000015,Harrow,179284,0.0567,0.1856,0.0844,0.17,0.1312,0.0321,0.5878,0.2956,0.1037,,0.0027,0.1374,0.3439,0.397,0.1044,0.0118,0.0027,0.5159,62299,real
E09000016,Havering,202554,0.0557,0.206,0.1217,0.1134,0.0992,0.0085,0.6949,0.1582,0.1363,,0.0027,0.1246,0.3029,0.4281,0.1245,0.0143,0.0028,0.5697,66800,real
E09000017,Hillingdon,218450,0.0695,0.1755,0.0997,0.1518,0.1309,0.0144,0.5661,0.2589,0.1612,,0.0016,0.1338,0.349,0.4017,0.1006,0.01,0.0032,0.5155,77587,real
E09000018,Hounslow,205922,0.0244,0.1431,0.1026,0.2247,0.1871,0.0318,0.4569,0.3087,0.21,,0.003,0.1811,0.3859,0.3424,0.0781,0.0071,0.0025,0.4301,72137,real
E09000019,Islington,192992,0.0043,0.0137,0.0636,0.4025,0.2868,0.1063,0.2667,0.3117,0.402,,0.0013,0.1586,0.4786,0.2975,0.0571,0.0051,0.0017,0.3614,70641,real
E09000020,Kensington and Chelsea,133768,0.0057,0.0154,0.064,0.4085,0.2834,0.1175,0.3168,0.3956,0.2756,,0.0003,0.0747,0.4618,0.3538,0.0981,0.0088,0.0024,0.4631,61055,real
E09000021,Kingston upon Thames,131252,0.0631,0.1585,0.0861,0.1884,0.1488,0.0325,0.6085,0.2729,0.1104,,0.0016,0.1062,0.3692,0.3842,0.1197,0.0151,0.004,0.523,47355,real
E09000022,Lambeth,269376,0.0101,0.039,0.075,0.3662,0.2579,0.1029,0.3302,0.3143,0.3359,,0.0012,0.1271,0.447,0.3413,0.0745,0.0064,0.0025,0.4247,108962,real
E09000023,Lewisham,244786,0.015,0.0649,0.131,0.2833,0.1954,0.0815,0.4186,0.272,0.2921,,0.0012,0.1402,0.4201,0.3524,0.0762,0.0074,0.0025,0.4385,96416,real
E09000024,Merton,163456,0.0285,0.0949,0.1785,0.1942,0.1419,0.046,0.5563,0.2906,0.1419,,0.0038,0.0987,0.3932,0.3966,0.0947,0.0102,0.0029,0.5044,56488,real
E09000025,Newham,231018,0.0274,0.0517,0.1563,0.2601,0.2181,0.0351,0.308,0.3851,0.2804,,0.0008,0.2816,0.3422,0.3171,0.0532,0.0038,0.0013,0.3754,102395,real
E09000026,Redbridge,207426,0.0349,0.1348,0.1614,0.1658,0.1268,0.0327,0.571,0.3045,0.1129,,0.0019,0.0862,0.3469,0.4399,0.1111,0.0114,0.0026,0.565,69152,real
E09000027,Richmond upon Thames,161410,0.0414,0.1249,0.1328,0.1935,0.1408,0.0438,0.624,0.2474,0.1208,,0.0027,0.0621,0.3718,0.415,0.1307,0.0144,0.0032,0.5633,53196,real
E09000028,Southwark,261636,0.0091,0.0283,0.0717,0.3757,0.3221,0.048,0.2886,0.2867,0.3974,,0.0019,0.2355,0.4239,0.2696,0.0618,0.0057,0.0017,0.3388,94486,real
E09000029,Sutton,164696,0.0523,0.1397,0.1224,0.1826,0.1563,0.0196,0.6442,0.2026,0.1417,,0.0031,0.0982,0.3929,0.3727,0.1156,0.0143,0.0031,0.5057,56538,real
E09000030,Tower Hamlets,241084,0.0047,0.0114,0.0442,0.4214,0.4034,0.0114,0.2313,0.3816,0.3587,,0.0021,0.3633,0.4269,0.1726,0.0322,0.0022,0.0006,0.2076,110892,real
E09000031,Waltham Forest,205802,0.0206,0.0818,0.1733,0.2204,0.1533,0.0599,0.4894,0.2779,0.2148,,0.0013,0.128,0.3688,0.4027,0.0873,0.0091,0.0029,0.502,76896,real
E09000032,Wandsworth,274786,0.011,0.0351,0.1111,0.3359,0.2404,0.0883,0.4245,0.3627,0.1932,,0.0011,0.1941,0.4177,0.3102,0.0683,0.0063,0.0024,0.3872,108771,real
E09000033,Westminster,189628,0.0055,0.0091,0.0361,0.4418,0.3508,0.0807,0.2738,0.4331,0.2828,,0.0006,0.1398,0.486,0.2902,0.0755,0.006,0.0019,0.3736,91515,real
